Chain,Income
Other,67800
Major D,56900
Major D,26300
Major A,74400
Regional C,46400
Other,91300
Other,3700
Major E,63600
Major A,17700
Regional C,52300
Regional C,0
Regional B,2500
Major B,28800
Regional A,41200
Major E,92000
Major D,39000
Major B,74900
Major B,22600
Major B,57500
Major B,67300
Major A,84600
Other,50300
Major E,25000
Other,3900
Regional B,92100
Major B,52200
Major A,8450
Major B,40300
Major B,22000
Major E,1900
Regional B,52400
Regional C,33300
Major B,45900
Other,57800
Major E,11350
Major A,52000
Major A,34600
Major B,87700
Regional D,31600
Major A,25700
Major A,74800
Major A,20600
Major D,2600
Major A,6100
Major E,38100
Major D,19500
Major E,41100
Other,2300
Major B,48400
Major A,32600
Major E,29100
Other,47200
Major E,19400
Major A,61800
Major D,40200
Regional C,3400
Regional B,22900
Other,36200
Major A,62500
Major E,85700
Major A,37000
Other,13900
Regional D,42700
Other,11150
Other,8000
Other,92100
Major D,86200
Regional C,47200
Other,12650
Major A,13050
Regional D,69600
Regional A,74200
Regional C,49600
Regional A,14700
Major B,6550
Major A,39500
Major A,87900
Other,62700
Major E,66700
Major E,67000
Major A,9250
Regional D,54100
Major A,33600
Other,74400
Major E,51300
Regional C,74500
Regional C,42000
Major A,59100
Regional D,58400
Other,28500
Regional D,20300
Regional D,92300
Major D,91400
Regional C,68200
Major A,28200
Regional B,49300
Major B,69000
Regional C,29700
Major D,39700
Major A,2500
Major A,20300
Major A,57400
Major D,11550
Major D,0
Regional D,51100
Major E,43400
Major A,21100
Major E,14650
Other,0
Major B,60200
Major B,8650
Other,27100
Major E,6700
Major B,0
Major A,69300
Major A,8050
Other,27300
Major B,46900
Major D,22400
Regional B,4600
Major A,28600
Regional A,65600
Major A,11850
Major E,23000
Major E,87800
Other,17750
Major D,76900
Major A,53600
Regional D,40300
Other,16150
Regional D,51300
Regional A,83000
Other,0
Major A,22300
Major A,0
Other,59800
Major A,6650
Regional A,24900
Minor B,2400
Other,32300
Major B,37300
Major A,20100
Major E,12800
Regional B,59400
Regional C,4600
Major A,3400
Major A,69400
Major B,82700
Major D,15950
Major D,14000
Major A,44700
Major A,59200
Other,33500
Major A,38800
Major E,6100
Major B,4800
Major A,86100
Other,68600
Major E,64200
Minor B,45500
Other,48800
Major B,39500
Major B,0
Major A,4300
Major D,8250
Major A,11650
Other,64800
Regional D,65400
Major D,46900
Major A,87500
Regional D,37300
Major A,38300
Major B,31400
Major B,0
Major B,70200
Major A,5850
Major B,33600
Major B,87200
Major A,53900
Major B,800
Major D,19200
Major A,25500
Major E,14050
Major E,0
Major E,6300
Major B,60000
Regional A,20200
Major E,1200
Major A,100
Other,47400
Regional B,83000
Major A,3900
Regional B,0
Major D,20800
Major B,15000
Major B,89500
Other,65200
Major E,16500
Major D,64000
Regional D,40800
Other,22100
Major A,4500
Major A,19400
Major B,18800
Other,40100
Other,3600
Major A,90900
Major D,31800
Major B,23900
Major E,86100
Major B,0
Major A,42500
Minor C,66300
Regional D,58100
Major E,9450
Major A,61000
Major A,65100
Regional D,65300
Major D,100
Major D,69100
Major D,42700
Regional D,84600
Major A,66500
Major D,3700
Major D,0
Major B,68900
Major B,85000
Major B,5900
Major B,46400
Major D,64500
Regional B,69500
Major A,55800
Regional C,63000
Major A,33000
Major A,63200
Major B,90000
Major A,20900
Major A,72600
Major B,0
Major D,28900
Major A,60300
Major A,84600
Major D,0
Major A,5500
Regional B,86000
Major D,49600
Major E,69600
Major E,2800
Major E,32000
Regional D,46000
Major B,39500
Major B,36500
Other,83800
Major E,48200
Regional C,54000
Major A,56000
Major D,33100
Regional C,25600
Major B,40600
Major A,26200
Major A,46800
Major A,1000
Major D,91300
Major A,27500
Regional D,65200
Major E,22300
Major E,22500
Major A,44300
Major D,52400
Other,30200
Major B,18900
Major B,44500
Major A,14000
Major E,82600
Major D,68600
Major D,63600
Major A,55800
Major E,21600
Regional A,43500
Major D,1300
Major B,3300
Major A,20400
Major E,58500
Other,34500
Other,44200
Major E,4000
Major B,62400
Other,9850
Other,33400
Major D,34100
Major D,69300
Regional B,90800
Regional A,64000
Major D,24800
Major D,27100
Major B,24100
Major D,73000
Regional D,33100
Major A,87900
Other,26200
Regional C,32900
Other,19600
Regional C,84600
Other,67600
Regional A,44000
Other,13100
Regional D,35900
Other,86400
Major B,24300
Major D,19600
Other,73300
Regional D,50000
Regional C,7450
Regional C,10350
Major E,15750
Major B,1000
Other,88500
Regional D,70200
Major A,4250
Regional D,5000
Other,23600
Other,5600
Major B,32900
Other,53500
Major A,7850
Major E,34000
Major D,8750
Major D,15650
Regional C,89600
Major B,28400
Other,23900
Major B,4700
Other,45300
Major B,27300
Major E,3900
Major B,86900
Regional C,25900
Major D,24000
Major A,36300
Major B,63700
Major A,13550
Other,3800
Major E,50700
Major E,35000
Major A,36400
Major A,26800
Major D,26300
Major B,43200
Major D,12750
Major E,23700
Major B,20100
Regional C,0
Major A,11650
Major D,37200
Regional C,0
Major B,38200
Regional C,57800
Major D,28500
Major A,89400
Regional C,6650
Major A,83300
Major D,91400
Major A,18050
Major B,0
Regional C,90100
Other,58900
Regional B,25000
Minor B,0
Major D,91800
Major D,18450
Major B,89300
Major B,12600
Major B,19500
Regional A,24000
Major B,89200
Other,50900
Major B,49200
Regional B,15800
Major B,15700
Major B,52800
Major A,33300
Major A,18000
Major A,39200
Major D,9250
Major D,25900
Other,25600
Regional C,43300
Regional A,15200
Other,33400
Major A,0
Other,85600
Major B,7800
Other,23500
Major D,37400
Major B,17800
Major A,54600
Major B,200
Major A,0
Major D,33100
Major A,55600
Other,30200
Other,36400
Major A,0
Major D,25800
Major B,13250
Major A,20900
Major D,38500
Major B,17300
Major B,45800
Major A,88900
Major E,13900
Major B,12700
Major B,26700
Major D,12800
Major A,45300
Major A,9800
Major B,56800
Other,90200
Regional B,600
Other,46300
Major A,40400
Major A,25600
Major D,4800
Major D,86500
Major B,4500
Major A,36100
Major B,52300
Major A,61800
Major B,13650
Regional C,92400
Major B,15050
Major A,4350
Regional C,46100
Major E,52100
Major E,57300
Major D,20700
Major D,32100
Major E,8950
Major B,44300
Major D,30200
Major A,84600
Major E,9750
Major A,40700
Major D,35800
Major B,15550
Regional D,21600
Other,33800
Major B,59000
Major E,29800
Regional A,28900
Regional D,0
Major B,83400
Regional A,14500
Regional D,13100
Major B,12500
Other,58400
Regional B,68900
Other,63100
Major B,25300
Major D,11750
Major A,24800
Regional C,0
Minor B,7600
Major E,63500
Regional C,30600
Regional D,14100
Major D,31200
Major B,37800
Other,90100
Other,7650
Regional D,14450
Regional C,84900
Major A,21600
Major A,54900
Major E,7900
Major E,30300
Major B,15400
Major B,59900
Other,8800
Regional D,5350
Major B,53100
Regional A,24700
Other,0
Other,50600
Major A,41200
Regional B,6200
Major B,90200
Other,8550
Regional D,88300
Other,85100
Major D,900
Regional D,25100
Major A,7150
Other,87600
Major B,13100
Major A,25800
Other,33500
Major B,14900
Major B,21900
Major A,69100
Major A,23700
Major D,51800
Major A,4800
Major D,31000
Major B,70500
Major A,0
Regional C,11450
Major B,72800
Major D,43000
Major E,40100
Major A,17950
Major E,300
Major D,69200
Major A,6400
Regional D,31800
Regional D,13050
Major A,46600
Major E,38100
Regional C,28800
Major B,52600
Major A,53900
Major A,55500
Major A,21800
Major A,22300
Major D,10850
Regional C,42700
Other,22400
Major A,74300
Major B,100
Major E,3700
Other,41500
Major E,7300
Other,20200
Major D,4100
Major A,24500
Other,37400
Other,33400
Regional D,400
Regional D,42600
Major E,37500
Regional D,32500
Major A,51400
Major B,24900
Major A,49900
Major E,14700
Regional D,56500
Regional B,1000
Major E,58500
Other,53600
Major B,35000
Other,26000
Regional C,45800
Other,31400
Major A,15200
Major E,61200
Major A,18800
Other,75400
Regional C,1800
Major E,31000
Regional C,60200
Major A,51700
Other,74300
Major A,53300
Major E,41400
Major A,16100
Major A,3400
Minor B,26300
Major D,36400
Major A,27300
Regional C,58600
Regional D,100
Major A,26700
Major D,22000
Other,52600
Major E,39500
Major B,73000
Major D,26200
Major B,0
Major D,90400
Major D,54100
Major A,65200
Regional D,90000
Regional B,0
Other,41100
Other,1700
Major D,49400
Major B,40500
Major A,59600
Major B,69000
Regional C,62800
Major D,29100
Major E,15200
Major A,4700
Other,35600
Other,27700
Other,19200
Other,47300
Other,45100
Major A,65200
Major B,0
Major A,11950
Regional D,3400
Major A,35700
Major A,62000
Major D,41900
Major B,41100
Major D,74300
Major D,55300
Major D,42300
Minor E,34700
Other,17900
Major B,16300
Regional D,35000
Major E,51400
Major D,10450
Regional C,24300
Major B,32300
Major D,54000
Major D,83800
Regional C,3600
Major A,53400
Major B,23000
Other,44800
Regional D,32100
Major A,1600
Major B,39100
Other,87800
Major A,14200
Major B,6600
Major E,70600
Major E,41000
Major D,76600
Other,7300
Regional C,88300
Major E,84100
Major B,20500
Other,66600
Major A,89400
Major B,73800
Other,34800
Major D,53100
Regional C,55900
Major B,5900
Major D,51000
Regional C,59300
Major B,0
Regional D,28900
Regional D,87400
Major B,40300
Regional C,300
Major A,89700
Minor C,67000
Major B,51000
Minor B,6800
Major B,38700
Major B,13550
Major B,30200
Other,8750
Regional D,45600
Other,0
Regional B,9650
Major B,24200
Major D,43400
Other,26900
Major A,38000
Major E,76700
Major A,33000
Regional D,0
Major E,600
Major B,47800
Major E,27500
Major D,21700
Major B,13050
Major B,2900
Major B,64100
Regional B,18800
Major B,17900
Major A,56200
Major E,29600
Other,20200
Major E,33200
Major A,64900
Other,43000
Major A,28300
Major D,45800
Regional C,4500
Major A,14000
Regional B,3850
Regional C,3300
Other,43600
Other,0
Other,1100
Major B,28000
Regional D,51000
Major A,25500
Major A,56300
Major D,85800
Other,72200
Other,86900
Regional C,47100
Major A,33300
Major A,51700
Major D,23500
Major B,11550
Major D,36800
Other,36500
Major B,400
Regional C,85300
Regional D,58000
Regional D,37300
Major B,70800
Major A,32200
Major D,14350
Regional B,14800
Major B,89500
Major B,18700
Major B,13950
Major B,12150
Other,0
Major A,0
Regional A,13250
Major B,72500
Major B,47700
Major B,14100
Major D,54400
Major A,18650
Other,38900
Other,34100
Other,27200
Major D,69600
Major A,24400
Major A,69500
Regional C,12750
Other,69800
Regional B,57100
Major E,62400
Major A,23900
Regional C,56300
Major B,0
Major A,43400
Major B,63300
Major D,18500
Major B,41300
Major B,400
Major B,29700
Major E,26800
Major D,3200
Major A,57300
Regional D,58300
Major B,46700
Major B,2200
Major A,23000
Major B,63900
Major D,66900
Major B,19000
Major B,28200
Major B,28700
Regional D,1300
Major B,34100
Major B,71400
Regional A,31000
Regional A,27900
Major E,13850
Other,22800
Major A,85200
Major B,45700
Major A,39100
Major B,50800
Regional B,15350
Regional D,25500
Major E,22100
Major B,2100
Major B,83000
Regional C,73700
Major B,52500
Major D,23400
Major E,24500
Minor B,66100
Major E,22200
Major B,31000
Major E,73400
Major B,44100
Major A,68000
Regional B,58100
Major B,41300
Major B,29900
Regional B,83700
Regional D,67300
Major B,35400
Regional D,18400
Major A,31400
Major B,8100
Regional C,24200
Major A,2000
Regional C,10650
Other,4800
Major D,17050
Regional C,91100
Major D,29100
Major E,12550
Regional B,7900
Major A,91500
Regional D,38700
Regional A,49900
Major D,54500
Major B,7200
Major D,33300
Major A,89400
Major A,34800
Regional B,36000
Regional D,18000
Major B,62200
Other,800
Major D,63800
Regional D,48000
Other,25800
Major D,60800
Major E,29700
Major B,35500
Major D,21500
Major B,29900
Major D,13000
Regional D,30500
Major D,37900
Minor B,42800
Major A,36300
Other,36800
Major A,21800
Major D,84700
Major B,83600
Major E,54900
Major A,59300
Major E,10250
Major B,53300
Major D,24600
Other,92300
Major B,17600
Major A,64900
Major B,34600
Regional B,44700
Major A,7300
Major B,11650
Major A,63000
Regional A,25000
Major A,45600
Regional D,55200
Regional C,1200
Regional B,3200
Major E,9400
Major A,52600
Regional A,60300
Other,1100
Major A,22000
Major D,25600
Other,64600
Minor B,9400
Regional D,8450
Regional D,42100
Other,4900
Major A,29800
Other,29700
Other,76100
Major D,61100
Major B,5650
Major A,65400
Regional D,7250
Regional C,38100
Regional D,20900
Major B,35300
Major D,55800
Major B,25700
Major D,37800
Major D,71600
Regional A,24900
Major B,9850
Major B,5000
Major E,68200
Major A,21900
Regional A,68800
Other,69300
Major D,84800
Regional C,82800
Major B,36700
Regional C,64600
Major E,43800
Regional C,11050
Major E,47000
Major E,31100
Regional B,46500
Other,37200
Major B,0
Regional D,6000
Major B,21600
Major B,86500
Major B,61000
Major B,52300
Major B,30600
Other,56300
Major A,41600
Other,19900
Major B,14100
Other,17350
Major D,56500
Major D,22100
Regional D,62300
Major D,46000
Major D,64600
Major D,41000
Major B,51600
Other,57700
Major A,14050
Major A,5650
Other,14400
Major B,75100
Major B,52100
Major B,0
Major D,7950
Other,53500
Regional C,17400
Other,51800
Major E,32300
Major E,17900
Major A,18450
Major B,43100
Major A,27100
Other,75400
Regional D,19000
Major D,26200
Regional B,43900
Regional D,32000
Regional C,28800
Major A,47300
Major A,6850
Regional C,20800
Other,39400
Major A,50900
Major A,68000
Major B,72400
Regional C,21700
Major A,12750
Major A,82700
Major D,40600
Major E,30900
Major A,55800
Major D,30800
Major E,10350
Major A,20600
Regional C,77000
Regional C,89100
Major A,45900
Major A,7900
Regional B,46000
Major B,24700
Other,28200
Major B,31400
Major B,88900
Major D,26400
Major D,33800
Major B,0
Major B,22500
Major A,14750
Major B,85400
Major E,27200
Major B,67200
Major E,66500
Major E,1800
Other,50400
Major E,14450
Major B,64000
Major D,12050
Other,55600
Major B,85700
Major A,54700
Major A,50500
Major E,64400
Other,32400
Major A,85800
Regional C,0
Other,36100
Major A,72800
Major B,8050
Major B,30700
Major B,46700
Regional C,26500
Major E,9050
Major B,83200
Major B,63000
Other,29200
Other,40800
Major A,64100
Other,33700
Major B,83600
Other,20200
Other,36300
Major A,9050
Major E,58800
Major E,20700
Major B,4950
Major A,65500
Other,29200
Other,88900
Regional A,24300
Major A,90600
Major A,8450
Major B,200
Major D,41600
Major A,42300
Other,32400
Major E,32000
Major B,26200
Other,10150
Major B,66800
Major A,36400
Major B,13450
Major E,18000
Major A,21500
Regional C,28200
Regional D,91500
Major A,45000
Major D,91400
Regional D,89800
Major A,51600
Major E,56000
Regional C,83900
Major A,18400
Major A,48100
Regional B,36700
Major E,29000
Regional D,0
Major A,17800
Major A,0
Major B,500
Other,46400
Major A,0
Major D,6450
Major A,15800
Major E,89700
Regional B,55900
Major B,0
Major A,31300
Major A,15950
Major E,38700
Other,12550
Other,38800
Major A,32600
Regional C,83900
Major B,37400
Major A,21600
Major A,57100
Major B,56800
Other,55500
Major B,43900
Major B,72100
Regional D,4300
Major E,58200
Major E,22700
Regional D,88200
Major B,11950
Other,47800
Other,14400
Major B,52000
Other,40100
Major E,54700
Other,36100
Major E,32300
Regional C,69800
Regional C,53900
Regional C,36900
Major A,45600
Major D,50800
Major A,9550
Other,23600
Other,38300
Major E,20000
Major A,37800
Major A,17700
Major D,33700
Other,27000
Major D,39700
Major B,18800
Major A,48600
Regional C,57100
Major E,22500
Major D,61200
Major A,55400
Major A,63900
Major D,9850
Major A,57600
Major A,73900
Regional D,66200
Regional C,31100
Major A,68200
Regional A,2400
Regional D,32400
Major A,53100
Regional D,3300
Minor D,14400
Major A,88200
Major D,29200
Major D,41600
Major B,4900
Major A,10350
Major E,52100
Major A,50100
Regional D,36700
Major B,0
Major A,3600
Other,75600
Major D,10850
Regional C,7650
Other,12550
Major B,4900
Major A,29700
Major A,27200
Regional A,39700
Regional A,41900
Major A,58100
Major A,27900
Other,55100
Major A,47200
Major E,66000
Major E,27700
Other,0
Major A,61300
Other,60500
Other,50900
Other,84600
Regional C,30300
Major D,20100
Major A,55800
Major B,12500
Major B,12950
Major B,29100
Other,52900
Major E,83700
Regional D,68300
Other,87100
Regional D,23900
Major B,33000
Regional C,200
Major D,21300
Major A,16400
Other,34500
Major E,1400
Major B,4000
Other,76500
Major A,55300
Major A,42000
Other,52700
Regional C,30300
Major D,26900
Regional D,13400
Major E,5900
Major A,14650
Major E,30700
Major A,26900
Regional A,70300
Major B,600
Other,22000
Major B,14550
Major B,74400
Other,19200
Regional D,29900
Major B,45300
Regional D,12700
Other,88700
Regional C,16100
Major B,48500
Major B,9050
Major D,38400
Major E,23000
Major E,28100
Regional B,0
Regional D,7250
Major B,34900
Regional D,0
Major B,100
Other,37700
Major B,66000
Major A,26400
Major A,15100
Major A,4650
Regional C,60700
Major A,34500
Other,72700
Major A,42400
Major E,50800
Major D,40300
Major E,4950
Major B,62700
Major B,33400
Other,22700
Major D,22700
Major E,0
Regional C,46000
Major A,21400
Major A,57700
Major D,60400
Regional C,51900
Major B,37200
Major A,34400
Major B,16550
Major D,42100
Major D,13700
Regional D,21100
Regional C,50100
Major B,59500
Regional C,15800
Major E,44700
Other,88100
Regional C,44000
Major D,85200
Major A,56500
Regional D,50700
Major A,18100
Major B,24300
Regional D,41900
Major B,92100
Major D,83900
Other,91600
Major B,7000
Major D,0
Major B,25800
Major B,51700
Other,23800
Regional B,51300
Major D,92300
Regional C,38800
Major D,60000
Major A,61700
Major A,1700
Other,20100
Major E,82700
Major B,41000
Other,83900
Major B,21800
Major E,82800
Other,12150
Major A,29800
Major D,64500
Regional C,25700
Major E,48600
Regional B,34300
Other,13900
Other,57200
Regional A,11450
Major E,91200
Major A,20200
Major E,21600
Regional D,87300
Regional C,85800
Major B,10650
Major A,12150
Major E,22400
Major B,10450
Regional C,57300
Major D,8150
Regional C,46700
Other,51900
Major B,64400
Major A,51400
Other,3400
Major B,19100
Major B,52100
Major B,32700
Major A,68000
Major A,20300
Major B,87900
Regional D,23600
Regional C,20300
Major D,52500
Major D,20700
Major B,36200
Major A,8750
Major B,35900
Other,51200
Major A,30400
Major A,67700
Other,54600
Major A,52300
Major B,400
Major A,65900
Major B,36900
Other,58100
Major E,69100
Major A,31800
Major E,18300
Major D,25000
Regional C,29300
Major A,29300
Major A,91400
Major B,49900
Major B,63000
Regional C,58600
Major D,15200
Major E,37100
Major A,28200
Major A,28300
Regional D,74100
Major A,39900
Major D,9600
Major D,15900
Other,22300
Major B,28900
Regional B,69600
Major B,55100
Major D,57400
Major D,22000
Regional C,64100
Major A,33600
Major D,8450
Major B,9250
Major B,56500
Regional C,0
Major D,28100
Other,4050
Major A,38600
Regional D,51000
Major E,21600
Regional C,38000
Major B,29300
Major B,41700
Major D,56500
Major B,69100
Regional C,61900
Major D,67600
Major D,82600
Major B,11150
Major E,51200
Major A,20600
Regional C,46900
Major E,32800
Major A,48100
Major A,69200
Major E,83600
Major A,51000
Major A,37300
Major B,32200
Major A,36600
Major D,52400
Minor A,18600
Other,69400
Major D,88000
Other,32800
Regional C,36600
Major D,1000
Regional D,400
Other,14800
Other,9150
Regional D,14750
Major D,11950
Other,23100
Major E,47400
Other,13150
Major B,2400
Other,5550
Major D,33100
Regional D,3800
Other,33600
Regional C,69400
Major E,32700
Major B,37300
Major A,41700
Other,68300
Major D,37000
Regional D,85200
Major B,89600
Major A,4950
Major E,40000
Major B,51700
Major A,33200
Other,22800
Regional C,41200
Major E,71000
Other,10250
Major B,45600
Major A,11250
Regional C,4900
Major E,14200
Regional C,52000
Regional D,34300
Major D,65500
Major E,11550
Major D,72100
Regional C,0
Major E,19700
Regional D,47800
Major A,63300
Other,15300
Regional C,52000
Regional B,77100
Major B,23200
Major E,71900
Major A,5250
Major A,43300
Major B,0
Major B,45000
Major B,17250
Other,7850
Other,68200
Major B,11450
Major D,41200
Other,29300
Major A,1000
Regional A,40800
Regional C,73900
Major D,35000
Other,35400
Other,46400
Major D,63300
Regional B,33500
Major A,69300
Major A,55600
Major B,36100
Other,62900
Major A,37800
Major A,88500
Other,52100
Major A,19400
Major A,39000
Major B,24900
Major D,42500
Major B,65400
Regional D,83100
Major A,56500
Regional C,55300
Major B,43000
Major D,4450
Major B,66100
Major A,4850
Major B,14100
Major E,41700
Major A,22500
Other,0
Major B,26700
Major A,43200
Other,52400
Regional D,0
Major B,51500
Regional B,16000
Major A,71700
Major D,13650
Major B,62000
Major D,73000
Major D,42900
Major B,54700
Major D,400
Major B,37100
Regional D,30000
Major B,83100
Other,500
Major A,11250
Major A,0
Major A,41800
Major D,77200
Major E,0
Regional C,32600
Major B,21300
Other,58700
Regional C,83000
Major B,26700
Regional C,1100
Regional C,27200
Major D,22200
Regional B,51900
Major B,57200
Major E,18900
Other,1100
Major A,50800
Major D,17900
Major D,37800
Regional C,32900
Major B,1600
Major B,16550
Major E,63300
Major A,57000
Major D,12550
Major E,0
Major B,7350
Major D,68800
Major B,71800
Major D,9250
Major D,67500
Major B,0
Major B,37000
Major D,45000
Other,26700
Other,90700
Major B,86800
Other,53200
Other,0
Major A,86700
Major B,36000
Major A,37700
Major B,46600
Major A,21000
Major B,13300
Major B,25200
Major A,32000
Major B,54500
Other,24900
Major A,59500
Major A,83200
Major B,32600
Major A,64900
Major A,14850
Major D,71000
Regional A,56400
Major A,0
Major E,82600
Major E,57800
Major D,44200
Regional B,43800
Major A,25400
Major B,46800
Other,91300
Minor C,59200
Regional D,20600
Regional D,23300
Major D,34900
Major B,82900
Major E,5450
Major A,0
Major D,38500
Major A,85600
Major E,0
Regional C,12750
Regional C,37100
Major D,28400
Major E,5950
Major A,32900
Major D,15600
Major E,0
Major E,1900
Regional C,40600
Major E,71600
Major B,15750
Major A,46200
Major A,12150
Major B,4600
Major D,55500
Regional D,300
Major A,62300
Major E,52100
Major B,84800
Regional A,20000
Major E,56500
Major A,39800
Major B,52400
Major A,59100
Major A,7600
Major B,45800
Major E,41200
Major A,6150
Major A,29500
Regional D,40800
Regional A,7900
Major D,53000
Major D,13500
Major B,12800
Major A,42600
Major B,14150
Regional C,0
Major D,71700
Major D,50300
Major B,19200
Other,68100
Major B,53600
Regional B,9650
Other,42100
Major D,50900
Major B,13650
Major D,89300
Major A,51400
Regional D,8550
Other,91100
Other,40100
Major B,21000
Major A,71200
Other,20900
Major D,26000
Major E,61200
Major A,61500
Regional C,10850
Major B,92300
Major E,7350
Regional C,14950
Major B,56200
Major A,5350
Major B,19100
Major E,50700
Major E,0
Major A,26200
Major E,69600
Regional C,23600
Major B,12350
Major E,41800
Major E,8450
Major B,37400
Major E,83900
Major E,33400
Regional C,90200
Major E,20800
Major D,89100
Major D,90600
Major E,11850
Major A,11950
Other,92000
Regional A,24800
Major A,72900
Regional A,68100
Other,22900
Major E,10250
Other,27200
Major B,61100
Regional B,25000
Major D,60700
Major A,0
Regional C,13150
Regional B,69700
Major A,12250
Major E,30200
Major E,600
Major E,16050
Major B,34400
Regional C,84600
Major B,13150
Major E,200
Major A,85900
Regional B,66100
Major E,51300
Regional C,8850
Major E,88100
Major B,10450
Major A,13450
Major E,39800
Major A,0
Regional A,20000
Major A,42100
Major B,36100
Major D,14850
Major E,68700
Other,22000
Major B,6700
Other,38000
Regional B,90800
Other,84400
Regional C,76500
Major A,0
Major D,84300
Major A,9100
Major A,28500
Regional D,64000
Major A,7050
Major A,50700
Major A,58800
Major D,4800
Major A,58000
Major E,44700
Other,0
Regional D,25700
Major E,5450
Major B,69800
Major A,70300
Other,85300
Regional A,28300
Major A,24700
Major D,45100
Regional B,4600
Major D,23800
Major B,56300
Regional D,65700
Major B,5850
Major A,3100
Major A,74200
Major A,47400
Other,35700
Major A,32700
Major B,51700
Major E,30400
Major A,90300
Major D,19300
Major A,58800
Regional D,46200
Major B,50100
Major E,11850
Regional B,43400
Major A,88800
Major A,86900
Major E,61800
Major B,0
Regional C,26600
Regional C,3100
Major B,44000
Major A,12450
Major A,86600
Other,20800
Other,64400
Other,50000
Major A,13450
Major E,62600
Other,62900
Regional D,63900
Major A,46200
Major B,58000
Regional C,40000
Major A,84400
Regional D,90900
Major B,30900
Major A,49900
Major A,63800
Other,83600
Other,0
Regional C,46800
Other,26400
Other,37100
Other,92100
Regional B,46300
Major B,90100
Major E,0
Major B,66900
Major D,67100
Other,22900
Regional B,53800
Major B,50300
Major A,89200
Major E,9150
Other,33800
Major A,0
Major B,58600
Major E,82900
Other,21100
Major B,32800
Regional D,51500
Regional C,2900
Major E,46200
Other,30800
Major A,62600
Major D,87900
Regional B,69600
Major E,91600
Major E,20600
Regional C,32300
Major B,27000
Major A,19100
Major B,56800
Other,12350
Regional D,31000
Major D,4450
Major D,88400
Major D,9700
Major D,57000
Major E,23500
Major D,34600
Major A,9850
Regional C,1300
Major A,54500
Major E,21200
Major D,44400
Other,9650
Major B,0
Major A,23900
Other,23500
Major A,48100
Regional C,14850
Major E,66000
Other,8650
Major E,21200
Major D,54200
Major A,44100
Regional B,50000
Major B,0
Other,3500
Major B,5200
Other,30600
Major B,27800
Other,84200
Major E,28700
Major A,38400
Major B,65300
Major A,66400
Major B,0
Major D,34800
Regional C,83000
Major E,53400
Major B,900
Major E,86300
Major A,31900
Other,67700
Other,28100
Regional C,87400
Other,49700
Major B,19600
Major A,4600
Major A,7550
Regional C,12150
Major B,20600
Regional C,68100
Other,85000
Minor B,0
Major A,16850
Major A,31400
Major E,28900
Major A,47100
Major B,9750
Major A,38000
Major A,38700
Major D,44000
Major A,15950
Major D,42300
Major E,12150
Regional C,61500
Other,32100
Major A,10550
Major D,45000
Other,70600
Major D,35000
Major B,30200
Major E,62200
Major E,13600
Regional A,35300
Major B,39800
Major A,71100
Major B,19300
Regional C,57100
Other,19000
Major D,19300
Regional B,35400
Regional D,4350
Other,91500
Regional C,56400
Major B,43400
Other,51000
Major D,17500
Regional D,14850
Major A,90200
Major B,69500
Major A,51400
Major B,30700
Major A,91000
Major A,27200
Major E,58200
Major A,9950
Major A,59400
Major A,29500
Major E,12050
Major D,59500
Major A,30800
Major B,42400
Other,29700
Major A,37800
Major B,39900
Major A,24400
Regional D,27300
Major A,9750
Major B,3500
Major E,90600
Other,67100
Major B,20800
Other,84800
Major E,31600
Major A,50600
Other,0
Other,1600
Major B,59200
Major E,0
Major A,62800
Major D,4100
Major D,7150
Regional D,20000
Major E,23900
Major E,19700
Regional A,68700
Major A,32600
Major E,76600
Major B,47400
Other,39900
Major A,40300
Major A,71400
Regional C,36400
Regional C,54100
Other,60900
Regional A,29900
Major B,39600
Major A,60800
Major E,46700
Major D,28000
Major E,10750
Major B,39400
Major A,25900
Major A,26100
Major D,28900
Major B,43600
Major A,53500
Other,25700
Major A,19100
Minor B,20800
Major D,89400
Major B,40100
Major A,25000
Other,40600
Major A,32200
Major A,56500
Regional C,28100
Other,17250
Major E,41500
Major D,87000
Major B,12550
Regional D,34500
Major D,9650
Other,17100
Regional C,0
Other,61600
Major B,46100
Other,50800
Major B,0
Major B,22800
Major D,66900
Other,200
Major A,39900
Regional C,11650
Major B,42800
Major B,83300
Regional A,800
Major D,17800
Other,63200
Other,13850
Major D,57700
Major B,69000
Major D,42400
Major D,9950
Other,87400
Major E,68800
Major E,4500
Major A,11350
Other,90600
Major B,20200
Regional A,30200
Major A,8250
Major A,21300
Major A,20400
Regional C,51400
Major B,44200
Minor B,12250
Regional C,34200
Major D,58400
Regional D,25300
Major A,34300
Major B,7450
Major B,14000
Major D,51300
Major E,83700
Major A,7150
Regional C,46000
Major B,43100
Major B,75700
Regional B,55800
Major B,6750
Major B,24100
Regional B,23300
Major B,37600
Regional C,86200
Other,23500
Major D,3000
Other,0
Major A,56100
Major B,52900
Regional D,28400
Major B,54200
Other,25100
Major D,19100
Major A,24200
Major E,42600
Regional C,88100
Other,30800
Regional A,56600
Major A,90600
Major A,21800
Major D,8850
Major A,83300
Other,0
Major B,44900
Regional D,44200
Major D,33100
Major B,20200
Major E,51600
Major A,86700
Regional C,84600
Major A,19200
Major D,55500
Regional C,51500
Major A,6500
Major E,40000
Major D,39500
Major E,90700
Major A,55900
Major A,84100
Regional C,62500
Regional A,24100
Major E,83300
Other,15900
Regional D,44200
Major E,0
Major B,28200
Major B,91900
Major B,52200
Major E,85200
Major B,11250
Major A,3100
Major B,56400
Major A,52200
Regional B,0
Major D,17100
Major A,33000
Major A,25800
Major B,12950
Major E,22400
Major B,90700
Major A,18900
Major B,24400
Major B,4400
Other,69000
Other,1400
Major D,56900
Major D,55600
Major D,18800
Regional B,92100
Other,24400
Major D,83300
Other,31800
Major B,8000
Major A,19300
Major E,59800
Major D,700
Major B,13850
Major E,18500
Major D,92100
Major E,9400
Major D,88400
Other,15600
Major B,65800
Major A,300
Major B,59200
Major A,31500
Regional A,31600
Major A,50700
Major A,26700
Major A,52300
Regional A,2200
Major A,68600
Regional B,73700
Regional C,75400
Regional C,24700
Major B,35600
Regional B,22400
Other,86400
Major D,800
Major A,87700
Regional D,34300
Other,40800
Regional B,57700
Major E,41400
Regional A,35700
Major B,34400
Major B,2200
Major E,22000
Other,18200
Regional D,67000
Major B,11350
Major B,28500
Other,87300
Major A,0
Major A,26000
Major A,15550
Major B,87700
Major A,6750
Regional B,32500
Major E,25100
Major B,85700
Major B,0
Regional D,44400
Major D,18900
Major B,23600
Major D,73200
Major A,43000
Major E,25800
Major A,74700
Major E,18200
Major A,24900
Major A,32500
Major B,0
Major E,20200
Major B,5550
Other,14000
Regional D,57600
Major A,900
Major A,12650
Major B,24100
Other,38400
Other,54600
Major D,55200
Major B,13650
Regional D,6450
Major A,4250
Major B,44000
Major E,48100
Major D,27600
Regional B,33700
Major E,89100
Major A,37400
Major A,25300
Major D,65700
Regional C,20300
Regional B,43900
Major A,91900
Major D,40100
Major A,21100
Major A,39000
Major A,30400
Major D,77200
Major A,19800
Major D,64600
Regional C,42800
Major A,26200
Major B,69900
Major A,50500
Regional D,6850
Other,68000
Regional C,22400
Major D,22400
Major D,47300
Other,31400
Other,57500
Regional D,50800
Other,85500
Regional C,90300
Major A,19300
Major D,66700
Major B,11350
Major A,69100
Other,24000
Major B,14650
Major E,35500
Major B,54700
Major A,42800
Major D,13350
Regional C,0
Major A,8850
Other,29800
Other,33400
Other,15300
Major E,500
Regional D,69400
Major B,13350
Major A,32700
Regional B,18400
Major B,53500
Major A,90900
Other,1700
Major D,67800
Major A,43600
Major D,16850
Major A,0
Regional C,43100
Regional B,6700
Regional C,13600
Major D,39700
Major E,9400
Other,91400
Major E,5000
Major D,7300
Regional D,34200
Other,38600
Major D,68000
Major B,22900
Major B,26600
Major A,17400
Major A,56100
Major A,72100
Major A,67700
Regional C,50800
Regional C,1900
Other,500
Major A,55000
Major A,6650
Major B,12050
Major E,14550
Major B,21900
Major A,17100
Major D,67600
Major E,55100
Major E,700
Regional C,68900
Major A,73800
Other,21800
Major B,70400
Major A,39700
Major D,12150
Major E,53500
Major E,18350
Major B,41100
Other,83100
Major B,7500
Major B,31000
Other,900
Major A,51600
Other,27200
Regional A,30900
Other,0
Regional B,0
Other,68000
Regional D,51500
Major E,40100
Major D,18300
Regional C,600
Other,87200
Other,51300
Other,30400
Major D,68100
Other,6900
Regional B,52200
Major E,3800
Other,41200
Regional D,0
Major B,88200
Major B,71000
Major B,47700
Major B,28100
Major A,31500
Major A,44500
Other,23400
Regional C,9750
Major B,54200
Regional C,91700
Major D,24800
Major A,75600
Major E,10150
Major B,8700
Major B,0
Major B,29600
Major B,47400
Major A,63900
Major D,91800
Major D,23200
Major B,51300
Major B,47100
Regional D,74300
Other,48000
Major B,52900
Other,37100
Other,21100
Major B,22300
Major D,89000
Major B,50800
Major E,30600
Major A,24000
Other,9550
Major D,7250
Major A,87300
Regional B,26400
Major B,86500
Regional B,50800
Regional C,52100
Major E,36300
Major D,36000
Major E,50300
Major E,64500
Major A,60600
Major E,37200
Major D,60900
Major A,14150
Major B,88300
Major B,19700
Major A,19800
Major B,38600
Major D,55000
Major D,23200
Regional C,88300
Other,60300
Major A,17750
Major D,17900
Major A,0
Major D,19500
Major D,11150
Regional C,51300
Regional C,47600
Major B,19200
Major E,44900
Regional C,35500
Major B,54300
Regional B,34500
Regional B,52600
Major D,69000
Major A,7250
Major A,44100
Other,21200
Other,4600
Major A,0
Major D,29000
Major A,33500
Major B,37500
Major B,0
Other,12550
Other,24600
Major E,62400
Other,10550
Other,89400
Major A,15950
Major A,20600
Major A,27200
Regional C,45800
Major B,5450
Major A,51300
Regional C,19700
Regional B,37200
Other,22800
Major A,19000
Major E,61700
Other,20600
Major B,13550
Major D,67300
Major B,6750
Major A,51200
Major D,16300
Regional A,23900
Major A,64900
Major A,22400
Major B,31200
Other,13100
Regional C,23500
Other,21800
Major B,82500
Minor B,59500
Other,23700
Major A,24500
Regional D,0
Major A,2100
Other,63000
Major B,36700
Other,13050
Major E,8950
Regional D,33300
Major B,64700
Major A,1200
Other,4400
Major E,36800
Regional D,24300
Major E,52300
Other,13400
Major A,13200
Major A,36700
Major E,14500
Major A,11150
Major A,40500
Major A,27500
Major E,16400
Regional D,39300
Regional A,67300
Major B,26100
Regional C,84100
Other,8650
Major E,3800
Other,73900
Major D,17900
Major A,21700
Regional D,86200
Major D,15550
Regional D,0
Major A,13550
Other,3300
Regional D,38300
Other,41500
Regional C,77100
Major B,34400
Major D,4400
Major A,68300
Major D,9950
Other,45300
Major A,1900
Regional C,87900
Regional D,0
Major B,20600
Regional C,14000
Major A,43500
Major A,62700
Other,25200
Major A,41000
Major A,37000
Major D,6250
Major D,5850
Regional A,24900
Major A,33200
Major B,69100
Major D,82800
Major B,57100
Regional C,66700
Major B,3400
Major A,15150
Major A,52400
Regional C,25800
Major A,3200
Major B,59600
Other,55600
Major D,11650
Major A,6750
Other,91100
Major D,64700
Other,23700
Major D,13750
Major B,3750
Major A,43700
Major E,43100
Major B,53100
Major A,48500
Regional C,23700
Major E,8450
Major E,1600
Major B,43300
Major D,15300
Major E,4150
Major A,29600
Regional D,23700
Major E,39400
Other,42800
Major D,14500
Major A,27700
Major D,0
Major A,16700
Other,40900
Major E,6800
Major A,77300
Major A,13550
Regional D,45900
Major E,8600
Major A,0
Regional A,88000
Major B,63300
Major E,18700
Other,14900
Major A,44700
Other,30900
Regional B,56000
Other,43200
Regional D,0
Major A,32000
Major A,89700
Major B,56400
Other,86800
Major A,58000
Major B,22300
Regional C,56000
Major A,7250
Regional C,66300
Minor B,59800
Major E,85200
Other,12150
Other,25900
Major B,10750
Other,52900
Major B,62400
Major B,36300
Major A,26500
Major D,17500
Other,54500
Major B,87600
Regional D,0
Other,16550
Major A,52000
Regional C,52000
Major D,61400
Regional C,9350
Regional A,25200
Regional A,25100
Major E,2400
Major B,400
Regional A,71600
Regional D,14900
Major B,28900
Major E,4450
Regional C,51700
Major B,68700
Regional D,89300
Major A,67000
Regional B,49700
Major A,90500
Major D,82700
Major E,74100
Major E,88400
Major D,63900
Other,38600
Major D,9350
Major E,38400
Major A,76900
Major E,69200
Other,17900
Major E,1400
Other,4400
Regional C,74600
Major A,58500
Regional C,4850
Regional C,51600
Other,58900
Regional C,33100
Major B,91100
Other,13950
Major B,22500
Major D,33100
Major A,40000
Major E,14200
Major D,89300
Regional C,20300
Regional C,54600
Major B,41400
Regional A,4200
Major B,9050
Major B,36300
Major E,7850
Minor B,88200
Major A,25800
Major E,30200
Major A,85200
Regional D,20200
Major A,4600
Major A,20200
Regional A,34400
Major A,5750
Regional C,34900
Major D,56800
Major D,2900
Regional B,25500
Major A,40300
Other,20800
Other,47800
Major D,33200
Major B,42100
Major A,86100
Regional B,10250
Major A,22200
Major E,47800
Other,12750
Major B,53500
Major A,25400
Other,24500
Major A,0
Regional D,43900
Major B,12250
Major B,11250
Major E,28300
Other,15850
Regional B,19800
Major B,3000
Major B,17100
Other,62400
Major B,900
Major D,22600
Other,50200
Major B,1200
Major D,61100
Regional C,53800
Regional D,75800
Other,42700
Major B,26000
Major A,17700
Major B,86900
Major D,34400
Major A,11950
Major A,27000
Other,57400
Major D,68300
Major E,32800
Other,50100
Major D,5000
Major E,60100
Other,13150
Other,1800
Major A,37300
Regional A,48000
Major A,90300
Major B,400
Major A,53100
Major D,200
Major D,7000
Major E,66100
Regional C,21200
Regional C,58800
Regional D,1100
Other,6550
Other,10150
Other,38300
Major B,13850
Major A,62000
Major A,66300
Major A,38600
Major B,30500
Major B,41700
Other,29400
Major B,20200
Major D,11550
Other,36900
Major D,37600
Major B,25900
Other,33200
Major E,38100
Regional B,65300
Major E,69900
Major B,15150
Regional D,71700
Regional C,10150
Major E,14750
Other,0
Regional B,48400
Major E,46200
Major A,62000
Regional A,55400
Regional C,43700
Major B,0
Regional C,25200
Major A,4300
Major D,18200
Major B,53800
Major A,58400
Major A,36300
Regional C,44900
Major B,31600
Major B,57100
Major E,0
Major A,27600
Regional D,19900
Major A,52800
Major B,58000
Regional C,20700
Major B,5500
Major E,2100
Major D,58700
Regional C,900
Regional D,38400
Major B,82500
Major E,57900
Major B,52600
Other,58000
Other,52500
Regional C,8750
Other,11850
Major A,13700
Major A,45700
Other,47100
Major B,2200
Regional C,50300
Major B,36800
Major D,24600
Other,75400
Other,58100
Major A,9000
Major E,18700
Other,51300
Other,43300
Major A,9150
Major A,84200
Major D,16700
Major D,66800
Regional B,68000
Major A,88200
Major E,12750
Major E,35900
Regional D,86000
Major A,25300
Major E,64000
Major A,60000
Regional C,54800
Other,9050
Major E,46600
Major A,86900
Major E,17850
Major B,24300
Regional C,33600
Major B,8050
Major A,91100
Regional A,32500
Major E,71100
Major B,16250
Other,48700
Major E,56500
Major E,24000
Other,57300
Major E,45600
Major D,22600
Other,26700
Regional D,13400
Major B,30600
Major E,5050
Major A,57500
Major A,1700
Major D,400
Major D,1300
Other,89800
Other,30200
Major E,60100
Major B,26900
Major B,0
Major A,4900
Major B,43500
Major A,21800
Major A,13850
Other,82800
Major D,29400
Other,36900
Major A,41300
Regional A,10550
Major D,90400
Major D,9550
Major A,600
Major B,12650
Major D,46700
Regional C,41300
Regional C,54700
Major E,36600
Major E,28800
Regional C,42400
Regional A,84900
Other,20100
Major E,2300
Major E,34600
Regional C,17600
Other,38400
Other,51400
Regional C,24100
Major D,83300
Major D,50600
Regional C,23700
Other,0
Other,11750
Other,85300
Major A,9450
Major A,27400
Major B,41900
Major A,34200
Regional C,6550
Major D,42500
Regional B,0
Major B,34000
Other,18100
Major E,51100
Major A,86700
Regional C,22400
Major D,0
Major D,88400
Major E,29600
Other,38500
Major B,35700
Major B,41400
Major A,31700
Major D,37900
Major A,25000
Regional C,63400
Major B,4200
Regional C,18450
Major A,15900
Major B,17200
Regional D,35200
Other,63900
Major B,38600
Major A,29700
Major B,38100
Regional B,50900
Major D,10850
Major B,30000
Regional C,83300
Major E,89400
Regional C,41800
Major A,32900
Major A,33600
Major E,39800
Major D,34700
Regional C,64800
Major D,71200
Regional A,21200
Major B,91500
Other,56700
Major A,38200
Major E,54500
Major A,8850
Major D,36100
Major B,42300
Major B,88800
Major A,5650
Major B,29600
Major E,38000
Other,59600
Other,71700
Major A,62400
Regional C,51500
Regional D,0
Other,52400
Major A,0
Major D,18200
Major D,1900
Regional A,51300
Major D,32200
Major A,29900
Major D,89200
Other,31700
Major B,37400
Other,4050
Regional B,11950
Regional A,84500
Other,3500
Major B,15950
Major A,700
Major D,2500
Major B,24600
Major A,3400
Other,18200
Major D,40800
Major B,57000
Other,24100
Other,53700
Major E,43100
Major B,89800
Major D,82900
Major A,68900
Regional B,25500
Other,50700
Major E,53400
Major D,38600
Major D,50500
Major B,3400
Major D,75400
Major D,92000
Major E,0
Major B,57500
Major D,35300
Major D,54000
Major A,88800
Other,47400
Major B,11750
Major A,86600
Major E,8650
Major A,54700
Regional C,65800
Other,22000
Major D,87800
Major E,14400
Major B,34500
Other,4450
Regional D,14000
Major B,18100
Major A,19300
Regional B,75400
Regional D,0
Other,9200
Regional C,40200
Other,3900
Regional D,42800
Major E,87600
Major A,15900
Major B,13650
Regional D,0
Major B,8250
Major D,10250
Major B,52000
Major A,28600
Other,22800
Major B,2400
Major D,20900
Major A,45400
Major B,25500
Regional A,26500
Other,90400
Major E,15850
Major D,57800
Major A,56000
Other,17700
Major B,24900
Major E,92100
Other,67600
Major E,62400
Other,25000
Major A,46400
Major B,39800
Other,34800
Major A,26900
Regional A,4700
Major A,55500
Major A,38700
Major A,32100
Major B,700
Other,62100
Major D,50800
Other,22200
Major B,12750
Major B,4200
Regional D,39300
Major B,54600
Other,8450
Major B,16800
Other,19200
Major A,0
Major B,24800
Major A,37400
Major D,22600
Regional C,37700
Major E,0
Major E,36000
Major D,30500
Major D,0
Major A,11650
Major A,56100
Major B,52000
Major E,0
Major A,26400
Major D,0
Major D,28700
Other,65000
Other,43800
Regional C,60400
Major D,26000
Other,54800
Major A,22700
Major D,83800
Regional A,45200
Major D,11250
Regional A,55200
Major D,56200
Major A,0
Major B,22100
Other,20900
Regional C,26700
Regional C,38700
Major E,42900
Major B,29600
Major B,71900
Major B,14200
Regional D,15700
Regional C,47000
Other,1300
Major D,47300
Major B,10250
Major E,35300
Major D,38100
Major B,1700
Regional D,75200
Other,11550
Major E,76900
Regional C,40400
Major D,26700
Other,2800
Regional C,0
Major A,49500
Regional D,53900
Major A,85100
Major D,85600
Regional C,41400
Major A,55600
Major A,6950
Major A,88700
Major A,13900
Major D,63800
Other,90300
Major A,5300
Major A,52500
Major B,44400
Regional D,43000
Major B,2400
Other,0
Major A,500
Major D,3200
Regional C,35100
Major B,28300
Major A,47500
Regional C,5000
Major A,66400
Major A,13000
Major A,19600
Major D,18900
Major E,50900
Major B,12600
Major E,45600
Other,13150
Regional A,34000
Major D,1100
Other,2700
Regional D,55400
Major A,43400
Major A,20100
Other,24700
Major D,52400
Major A,42300
Major A,51900
Major B,26600
Major A,50300
Major A,48100
Regional C,63700
Regional C,59600
Major B,45900
Other,10050
Major B,44400
Major B,57600
Major B,13450
Major A,0
Major D,64400
Major A,85500
Major A,4450
Regional C,0
Other,17600
Regional C,25000
Regional C,24400
Major B,14450
Major E,57300
Major D,86300
Major A,56300
Other,85100
Other,67200
Major A,51200
Major E,73200
Major B,87000
Regional D,7000
Major A,32400
Major E,4200
Major A,36200
Major B,34600
Major A,37500
Major A,60100
Major A,18000
Major B,64900
Major E,36700
Other,3100
Major B,76100
Major D,68300
Major A,88400
Regional C,0
Regional D,29200
Major D,800
Major A,85200
Major E,21900
Major A,36500
Major E,91300
Major B,30900
Major B,27000
Major A,19000
Major B,37900
Major A,50800
Major A,45100
Major A,18450
Major A,2800
Major B,9850
Major A,27300
Major B,54200
Major B,56100
Major B,12950
Major D,28200
Major A,30300
Regional D,59700
Regional C,40200
Major D,28800
Major A,83000
Major B,60200
Regional D,0
Major A,57700
Other,40900
Regional C,0
Major A,4000
Major A,56100
Other,50600
Other,9550
Other,34900
Major A,24100
Other,16000
Regional C,62800
Major A,84800
Other,36600
Major B,31500
Major B,67200
Major B,71700
Major D,38800
Major B,89600
Regional D,0
Major D,0
Major A,45500
Major B,50300
Major B,16050
Major E,31200
Major D,14900
Major A,50400
Regional A,28100
Major E,87100
Major B,88900
Major D,9100
Major B,31000
Regional C,23800
Major E,46400
Major D,50800
Other,26700
Major A,21600
Other,82900
Major E,69000
Other,57300
Major A,18000
Regional C,56200
Major D,72300
Major B,12550
Major D,84200
Regional B,31800
Major A,34500
Other,28700
Major B,38900
Major B,23800
Regional C,84900
Major B,46500
Major D,53800
Other,38600
Major B,41300
Major E,8150
Major A,42900
Major A,85900
Other,5350
Regional B,11050
Major E,85100
Other,51000
Major D,20400
Regional D,9850
Major D,25200
Major D,34900
Major E,85100
Major A,14300
Regional C,43000
Other,89900
Major D,19700
Major D,55600
Regional C,3600
Major B,0
Major E,45400
Regional A,10450
Major A,84000
Major A,51900
Major D,25300
Other,47200
Major B,0
Other,13200
Major A,12600
Major B,26300
Major B,52300
Major D,86000
Major A,59000
Major A,15700
Major D,1700
Major A,27900
Minor B,1300
Major B,26800
Regional B,40500
Major A,55900
Major B,0
Major E,50600
Major B,68200
Regional B,35800
Major A,13800
Major D,54400
Major A,58700
Major E,50000
Major E,76700
Other,43100
Other,26200
Major A,32700
Major E,20500
Other,59100
Other,0
Regional C,54300
Major A,90700
Major B,91900
Major D,63400
Major E,27600
Major B,25700
Major A,24100
Major E,19000
Regional C,3200
Major E,67500
Other,55400
Major B,19800
Major B,7050
Major A,46700
Major D,0
Major E,63800
Major B,56200
Major A,27200
Major A,70100
Major D,23600
Other,67000
Other,7550
Other,18000
Major A,17900
Major B,0
Major D,45200
Major B,5500
Regional A,52900
Major B,13550
Major D,1100
Major B,25600
Regional D,37500
Regional A,23100
Other,32900
Major B,2200
Major D,32300
Major E,3500
Major E,72200
Major B,500
Major B,23500
Other,300
Regional C,13300
Major B,23000
Regional C,58000
Major B,39000
Major A,83400
Other,63300
Major B,88900
Major B,35500
Major B,21300
Regional C,51400
Regional A,52500
Major A,12500
Major B,0
Other,28100
Major D,1400
Regional D,14250
Regional C,28700
Other,35300
Major E,33500
Regional C,11250
Major D,92200
Major A,56200
Major A,34900
Major B,86500
Regional B,88000
Other,2700
Major A,37000
Major A,17350
Regional C,12650
Major B,16500
Major B,53700
Regional C,92100
Major E,20700
Other,29200
Major B,39300
Major B,14650
Major B,41100
Other,30500
Regional B,51400
Major D,17900
Major A,0
Major D,62000
Major E,0
Regional C,300
Major D,33100
Major A,19900
Major D,18700
Major D,19700
Major A,10250
Major D,43000
Major D,19100
Major E,0
Major B,57100
Major B,31800
Major B,38800
Regional A,87700
Major A,31600
Major B,15350
Major A,57000
Major B,0
Regional C,73300
Regional C,6700
Major A,21100
Other,45000
Regional B,0
Major E,56100
Major E,34800
Major D,13650
Regional B,50600
Major A,5250
Major D,64500
Major B,18000
Major B,39000
Other,17500
Regional C,72900
Major E,13450
Regional C,47100
Major E,27100
Major A,73800
Major B,55600
Major A,46300
Major D,58100
Other,11850
Other,21500
Minor G,22600
Major D,0
Regional D,35000
Regional A,58700
Other,69700
Major A,1200
Major B,69100
Major B,27400
Other,20900
Major A,33300
Other,65200
Major E,1400
Major D,23800
Other,24700
Major D,90600
Other,14250
Major A,61300
Major E,7100
Other,16100
Major B,4400
Major E,13250
Major B,17050
Major B,38300
Major A,39000
Regional C,52000
Major A,26300
Major A,88400
Major B,9850
Major B,68000
Major A,3300
Major B,19900
Major D,56500
Other,65000
Other,84800
Other,23200
Major A,35300
Major E,44200
Other,86200
Major A,57400
Major E,86900
Regional D,39000
Regional B,19600
Regional C,25800
Major D,14550
Major A,68900
Major A,25500
Other,69300
Major E,30700
Regional A,45700
Major B,17900
Major B,6800
Major A,57700
Regional D,86100
Major D,61100
Major A,19200
Other,6650
Other,0
Major B,13750
Major B,54700
Regional A,84400
Major A,62700
Major E,91900
Major D,3400
Major D,39700
Regional A,10350
Minor B,50700
Regional B,12350
Major B,21800
Regional D,61800
Major D,43300
Other,23400
Major B,9850
Other,20200
Major A,41600
Major D,24700
Major A,31900
Major A,51400
Other,69900
Major A,43300
Major E,23500
Major E,20600
Major B,34800
Major A,59500
Major E,33300
Major A,57600
Regional C,30100
Major D,60000
Regional C,82800
Major A,33600
Major D,69200
Regional C,83000
Major B,32200
Regional D,71400
Regional C,20100
Major A,58400
Regional D,15650
Other,32600
Other,43000
Other,59900
Other,65700
Regional B,4800
Major B,24800
Major E,72000
Major D,84200
Major D,8150
Major E,54100
Major D,37700
Major E,32700
Major E,60500
Major B,30500
Regional A,87700
Other,13350
Major B,12800
Regional B,86600
Regional C,18200
Regional C,64300
Major E,48400
Other,27200
Major E,58800
Major B,24400
Other,18600
Regional D,2200
Major A,22700
Major D,30800
Other,28500
Regional C,0
Major A,22200
Major B,12650
Major A,15900
Major A,67800
Major D,18300
Major E,31000
Major D,62300
Major A,85100
Major A,5850
Regional B,21800
Major E,55300
Regional C,67100
Other,83000
Major B,0
Major B,1400
Major E,83100
Other,31900
Major A,88800
Major E,0
Major A,3700
Major D,31100
Major E,9800
Major B,16100
Other,15850
Other,13800
Other,29400
Regional D,31900
Other,39300
Major A,200
Major B,39600
Major A,11750
Other,20300
Major A,15850
Major A,65700
Regional A,45100
Other,2000
Major E,51500
Major D,10950
Major B,41800
Regional D,21400
Major E,28500
Regional B,52100
Major A,10750
Major A,26800
Major A,25800
Regional C,14800
Regional C,32700
Other,27200
Other,19400
Other,63900
Major A,11750
Regional A,25900
Regional C,45700
Major B,49000
Major E,33200
Major E,74900
Other,53000
Major E,4800
Major B,19900
Regional D,4400
Other,7500
Major B,33800
Major A,2300
Major D,73500
Major A,6550
Major D,26500
Major B,85500
Other,41100
Minor B,68400
Major B,0
Major D,13650
Major D,34200
Major E,56200
Major A,28100
Other,51500
Regional A,21600
Major B,53600
Other,43900
Major D,37800
Regional D,52300
Major B,33100
Other,90300
Regional D,39900
Major E,21100
Other,7250
Major A,3100
Major A,25900
Major B,0
Major A,12950
Other,29700
Regional A,19000
Other,17350
Major A,17800
Major A,47400
Regional A,32200
Major E,57100
Regional D,37700
Regional C,42000
Major D,30300
Major E,67500
Major A,58300
Major B,8250
Major A,6500
Major A,0
Regional D,36900
Major D,1200
Regional C,1100
Regional C,32700
Major B,42400
Major B,41700
Major A,32000
Regional C,20000
Major A,7450
Other,21400
Major B,22300
Major D,0
Major B,87300
Major D,50400
Major A,57200
Other,64400
Regional C,90900
Major A,36900
Regional C,22700
Regional B,57000
Other,46100
Major E,51800
Major A,17200
Regional C,64600
Major B,17500
Major E,29700
Major D,36900
Regional C,32600
Major A,51900
Other,9300
Major E,18000
Other,0
Regional C,0
Regional D,6050
Major E,4800
Major E,39500
Major E,59200
Minor E,49400
Major B,15650
Major E,17400
Major A,63700
Major E,84100
Major A,18150
Major D,69400
Major B,22900
Other,13950
Major A,74900
Major D,33100
Other,52900
Major A,59700
Major A,66300
Major E,29500
Major A,63100
Major A,26900
Other,40400
Other,57300
Major A,85100
Other,55000
Regional B,84200
Regional C,15850
Major A,48000
Major E,59800
Major E,24300
Major E,40500
Regional D,59800
Major D,5900
Regional B,30300
Major A,44000
Major E,37600
Regional C,22200
Major B,64500
Regional D,24100
Major E,84100
Major A,31300
Other,4400
Regional C,17750
Other,45900
Major A,33700
Major A,36300
Other,12850
Regional C,76300
Regional C,8500
Major A,55700
Other,67300
Major B,62700
Major D,66100
Major D,74400
Major A,86400
Major A,44100
Regional B,600
Other,2200
Regional C,83200
Other,44600
Regional A,3700
Regional D,57100
Regional C,42900
Major A,50500
Major D,40400
Major E,44200
Major B,800
Other,69900
Major A,52100
Major A,36900
Major B,31800
Major A,0
Other,52300
Major B,52500
Major B,41600
Other,44400
Other,20600
Major E,52700
Major E,30700
Other,30900
Major D,33600
Regional A,54600
Major D,25200
Major A,51500
Major A,86300
Major A,14400
Major D,1400
Major B,91900
Major B,83300
Regional D,23600
Major B,89600
Other,84900
Major A,3900
Major B,39100
Major A,40500
Major B,14600
Major E,70600
Major A,14100
Major A,40200
Major D,1500
Major D,65200
Major D,24700
Major D,49000
Major A,88900
Major B,9350
Major E,10750
Major A,0
Major D,41700
Major A,24600
Major B,18900
Regional B,0
Regional C,69700
Regional C,11750
Major A,85800
Regional B,0
Regional C,18000
Major A,85500
Major A,87400
Other,10750
Major A,46300
Regional D,42600
Other,0
Regional D,20000
Major D,23700
Regional D,42100
Major D,56500
Other,30900
Major D,25000
Major A,60800
Major B,64300
Regional A,11350
Major A,5100
Other,37800
Major B,29500
Major D,19700
Major A,40500
Regional B,88900
Major E,66900
Major B,11050
Major A,82500
Other,27300
Major E,11850
Major A,20100
Major E,35500
Regional B,9950
Major D,72000
Regional B,24700
Major E,4400
Major A,86100
Major A,42100
Regional C,21500
Other,26600
Regional B,90400
Major A,1200
Major D,88300
Other,21300
Other,39500
Other,6450
Major D,48700
Major A,12350
Major A,15450
Regional D,19900
Major B,92100
Major A,0
Major B,19100
Major B,29600
Major A,1600
Regional C,63000
Regional C,17400
Other,55500
Major E,6700
Major B,0
Major E,53000
Major B,38900
Major D,11650
Other,50300
Other,56000
Major A,67600
Major A,14950
Major B,800
Other,33500
Major E,11150
Major E,62700
Major D,17850
Major A,19000
Regional C,25200
Major D,49500
Major B,69500
Regional A,24400
Major B,2800
Major B,0
Major A,35700
Other,63600
Major A,1300
Major D,49400
Major E,83600
Major D,18900
Major D,0
Other,36100
Major A,34800
Regional A,68800
Regional C,20800
Major A,57200
Major B,0
Major A,30000
Major A,46600
Major D,50700
Major D,87600
Regional B,24600
Other,82600
Other,20300
Regional C,18100
Major A,21200
Major A,27400
Major B,71700
Regional D,9050
Major B,2100
Major A,0
Major E,18800
Regional C,36100
Major A,59800
Regional C,0
Major B,43800
Major E,59400
Major A,52700
Other,3900
Other,49100
Regional D,67500
Major D,0
Major B,82700
Major D,10650
Major E,62300
Major A,59300
Other,67900
Regional C,29200
Major D,16200
Major A,27400
Major D,24400
Major E,74200
Major B,49800
Major B,61100
Regional D,6800
Other,87200
Major E,29300
Other,900
Regional C,0
Major A,52700
Major D,0
Major D,40600
Major B,52000
Major D,9450
Major B,0
Major E,71300
Regional B,61000
Regional B,65200
Other,17500
Regional C,38100
Major E,62200
Regional C,87700
Regional D,1300
Major D,0
Major E,35200
Regional B,30800
Other,47700
Major A,52200
Major A,68300
Regional C,18000
Other,24100
Major A,41000
Major A,31200
Major A,39700
Regional A,2600
Regional A,44900
Major D,46600
Major A,18000
Regional C,92200
Major B,85000
Other,85400
Major A,27200
Regional B,7900
Regional B,6400
Regional C,7650
Major B,30500
Major A,91200
Major A,37300
Other,58600
Minor B,2200
Major D,38700
Major E,86200
Major A,900
Major E,58300
Major A,26600
Major B,74700
Major E,86300
Other,69100
Major D,65400
Major E,38000
Other,52200
Other,65700
Major B,40700
Major E,59700
Other,10050
Major A,600
Major B,29700
Major D,27500
Major E,85100
Major B,14800
Regional A,38400
Other,22400
Other,82900
Major A,17800
Regional C,36800
Major A,9300
Major A,87400
Major D,84300
Major D,27200
Major B,56100
Major A,42200
Major B,0
Other,91300
Major A,23200
Major A,67800
Major A,8450
Regional D,24100
Other,10250
Major A,35800
Major B,3950
Major D,42100
Major D,46600
Major D,9000
Major D,0
Major A,92200
Other,20600
Major A,45900
Major A,12950
Major A,35400
Other,36500
Major A,59900
Major D,4800
Regional B,9250
Major D,12800
Regional D,90300
Regional C,0
Major A,6750
Regional C,27400
Major A,10450
Regional D,0
Major A,6700
Major E,37200
Other,26800
Regional C,10050
Regional D,90700
Regional C,18000
Major B,0
Major A,31700
Major E,66900
Major A,0
Major A,31400
Other,0
Major D,24800
Major A,84200
Other,41800
Major A,65400
Other,66300
Major B,82800
Regional B,62100
Regional D,2700
Major B,0
Major D,37700
Major A,53900
Major E,86900
Regional A,2600
Regional C,39100
Major D,34200
Other,52300
Other,44900
Other,91400
Other,3100
Major A,11050
Major D,35300
Major A,35600
Major D,57900
Other,70600
Regional D,21800
Major A,36200
Major E,64200
Major A,19000
Major A,38800
Major D,49000
Major D,60600
Regional B,0
Other,39100
Major B,15550
Major A,13550
Major A,27200
Major A,42100
Major A,21400
Regional D,46900
Major B,27400
Major B,57800
Regional A,73300
Major A,37700
Other,25000
Major D,1200
Other,8600
Regional D,11350
Regional B,32000
Major B,39300
Other,34100
Major E,59200
Major E,19600
Major A,34500
Major A,14300
Major A,45000
Regional C,91700
Major E,32800
Major B,30300
Regional D,26000
Regional D,20800
Major A,45200
Major E,1800
Major E,57700
Major D,92100
Other,11950
Major A,30400
Major E,3900
Regional C,29600
Regional B,88000
Major D,30700
Major E,10550
Major D,23500
Regional A,20500
Other,37900
Major D,24000
Major B,0
Major B,62500
Major D,0
Major B,28700
Major A,32800
Other,28000
Major B,0
Major A,44500
Regional C,23800
Major A,43700
Major A,43800
Regional B,21200
Regional C,18300
Major D,69100
Regional B,28700
Regional A,50800
Major B,26600
Major A,2500
Regional C,400
Regional B,31900
Regional C,0
Major D,33300
Major A,21200
Major D,18000
Major D,17300
Major A,21300
Major D,82700
Other,34300
Major A,19500
Regional C,35300
Major A,14250
Regional C,51500
Major D,84400
Major A,13600
Other,20000
Other,82900
Major A,44900
Major D,88000
Other,45000
Major A,91200
Major A,86800
Major B,35900
Major A,88400
Major A,52200
Other,16000
Regional C,0
Regional B,44500
Regional C,900
Major B,62800
Major D,91600
Major A,53300
Major E,14450
Major A,42800
Major E,16350
Major B,14400
Major B,89900
Major D,0
Minor B,18400
Major B,55300
Other,58400
Major E,41700
Regional B,36000
Major E,88100
Major B,17250
Major D,55700
Major A,89600
Regional B,23500
Major E,13100
Major A,55000
Regional C,3100
Other,91200
Major A,49000
Major A,74500
Major B,7850
Major A,14700
Regional A,13650
Other,40400
Other,7250
Regional D,24300
Major E,7350
Major E,3500
Major A,25900
Regional C,4150
Other,44600
Other,17550
Major B,13350
Major A,40600
Major A,1400
Major D,35000
Major B,57700
Major E,29200
Other,57000
Major E,75500
Major B,5750
Regional D,15750
Major A,40000
Regional D,5750
Regional D,50800
Other,0
Regional C,0
Major A,86300
Major D,4550
Regional C,45400
Other,1500
Major D,38200
Major E,53100
Other,39900
Major E,63000
Major D,43200
Major A,18350
Other,76100
Regional B,22800
Major A,91200
Major E,28800
Major B,74500
Major D,12750
Major A,6950
Major D,19000
Major A,0
Major D,61700
Major B,91500
Regional D,10750
Other,10550
Major A,34000
Major B,24100
Major E,64200
Major A,87100
Major A,25400
Other,49400
Major A,40200
Regional C,18150
Major B,36400
Major B,76400
Major B,4950
Other,14450
Major E,71600
Major A,46400
Other,83300
Major A,35200
Major A,21000
Other,3800
Other,14750
Major A,31300
Regional C,57300
Regional C,50600
Regional A,44800
Other,48000
Major D,6750
Major A,1800
Major E,24100
Major A,69800
Major D,34300
Major A,8050
Regional A,50400
Other,20600
Regional B,27500
Major A,22800
Major A,76600
Regional B,0
Regional A,6650
Major E,38500
Major E,91400
Other,62700
Major A,41800
Regional A,14700
Regional C,21100
Major B,36000
Major E,83300
Regional C,1700
Major A,86000
Major A,23300
Regional B,48600
Major B,0
Major B,52400
Other,24400
Other,41600
Other,35200
Major E,14200
Major B,2400
Regional D,44100
Major A,28000
Other,29900
Major A,32100
Regional B,27100
Major A,10650
Other,24800
Major D,9350
Major A,28800
Other,19300
Other,36700
Major B,69500
Major A,83300
Major A,75700
Major E,3900
Other,35500
Major A,90400
Major A,43300
Regional C,43800
Major A,63300
Regional C,82800
Major A,10350
Major B,86300
Major A,29100
Major D,51200
Major A,50200
Regional C,18550
Other,58500
Other,87700
Major A,51600
Other,86500
Regional C,4650
Major A,26200
Other,27700
Major E,33500
Major E,300
Major D,69200
Other,33800
Regional D,27400
Other,8700
Major B,500
Regional C,91800
Major A,36700
Major B,57400
Regional C,40400
Major B,7800
Other,50300
Regional A,52000
Major B,12250
Major A,7650
Major D,8850
Other,100
Major B,7750
Major A,63900
Other,44900
Regional C,30400
Major A,24700
Major B,45000
Major D,9850
Major B,24100
Regional C,0
Regional B,28700
Major D,35800
Regional B,44200
Other,48500
Major D,13250
Major A,21400
Major A,29400
Major A,19100
Other,36700
Major B,4200
Regional D,61100
Regional C,46300
Regional B,34400
Major E,5250
Regional C,0
Major A,58300
Major A,2900
Major A,88400
Major B,15650
Other,23800
Major A,39600
Major B,83400
Major D,4000
Major A,88500
Regional A,91100
Other,86500
Major A,9350
Other,26700
Major A,2100
Major E,3300
Major B,0
Major A,60400
Major B,92000
Other,44900
Other,91900
Major B,38800
Major A,40800
Major A,69700
Major D,46100
Major A,27700
Regional C,28200
Other,16550
Major D,70600
Other,26400
Major A,50800
Major B,32700
Major D,4300
Major D,36300
Other,29300
Major A,19900
Major D,31000
Regional B,63500
Major A,65900
Other,21700
Major A,1800
Major B,41700
Major A,2100
Major E,30500
Major A,40100
Major A,59600
Major B,68900
Major B,53400
Major B,90000
Major E,39000
Major D,42500
Regional A,13550
Major B,56700
Other,72500
Other,0
Other,12450
Major B,57000
Major D,25300
Major A,43700
Major B,39200
Other,87000
Major B,83500
Major A,35500
Major B,47000
Major A,54000
Other,46900
Major E,17700
Major A,70800
Major A,5200
Regional A,28700
Major A,9850
Major A,43500
Major B,86000
Major D,6350
Major B,8250
Major A,19900
Regional D,69200
Regional C,85500
Regional B,50600
Major A,30000
Regional D,0
Major A,36300
Major E,56200
Other,0
Other,43900
Regional C,44500
Other,27400
Regional C,10050
Major B,3800
Major A,25300
Other,23300
Other,87000
Regional C,89300
Major B,82800
Regional C,0
Major A,5500
Other,0
Other,26100
Major B,72100
Major D,69800
Major B,4900
Regional B,51200
Regional A,63100
Other,38500
Other,42400
Regional D,24100
Major D,39900
Major A,31000
Minor B,74300
Major B,84900
Major A,45500
Major D,11350
Other,0
Regional C,13550
Regional B,0
Major A,0
Major A,30800
Major E,42000
Other,4900
Major D,65200
Major A,70500
Major E,72500
Regional C,84600
Major A,52600
Major A,32700
Major D,90700
Other,44900
Major B,36900
Major B,38700
Regional C,35400
Major A,0
Regional D,90800
Other,43700
Regional D,0
Major A,88700
Major B,90200
Regional C,54700
Major E,0
Other,22600
Other,48300
Regional B,9550
Major B,8050
Regional C,34100
Major D,83900
Major A,91500
Major A,85000
Major B,25500
Regional D,0
Major D,27800
Major B,12550
Other,38500
Regional C,7150
Regional A,43100
Other,8650
Major A,62000
Major A,18450
Other,38300
Major E,62500
Major E,50000
Regional D,36400
Major A,25500
Major A,14300
Major E,53600
Major B,10450
Regional C,20600
Major B,8800
Major A,48500
Other,36300
Regional B,69000
Major E,43800
Other,59000
Regional A,83000
Major A,45000
Other,12150
Regional A,44800
Regional A,55100
Major B,16500
Regional C,83000
Major A,43500
Regional C,42000
Major D,85000
Major A,1700
Major E,15950
Other,70700
Other,64800
Major A,15550
Major E,50600
Regional B,64600
Major D,1700
Regional D,24900
Major A,17300
Major A,18000
Major A,57800
Regional C,36500
Regional A,28200
Major B,15900
Other,68600
Major A,35900
Other,0
Major A,25000
Other,63100
Major B,50600
Major B,2500
Other,40800
Major B,56800
Major A,35700
Major A,24800
Major B,700
Major A,21800
Major D,30300
Major A,47600
Major E,22500
Other,37000
Major A,5000
Major B,31000
Major D,18000
Regional B,18700
Major A,83900
Other,90200
Regional C,28900
Other,48200
Regional C,10950
Major A,30900
Major D,41000
Regional A,62000
Major E,30800
Major B,17200
Other,5850
Major B,1300
Major A,33600
Major B,39400
Major E,89400
Other,82800
Major A,61400
Major A,19300
Major A,46500
Major A,39200
Minor B,14200
Major D,71000
Regional B,19400
Major D,84500
Regional A,46600
Major A,6750
Major A,14400
Major A,59500
Major A,2600
Major A,29200
Major A,87500
Regional A,4700
Major D,83300
Regional D,16700
Major B,4300
Regional A,46000
Other,2300
Major D,46700
Other,22900
Regional D,56800
Major A,52000
Major A,51500
Regional A,53300
Other,51400
Major D,46100
Major A,89000
Major E,0
Major B,57300
Regional A,28000
Regional A,83800
Other,91300
Major D,30800
Regional C,0
Major D,3900
Other,29500
Other,13200
Major A,16100
Minor C,69300
Major E,89000
Major E,40000
Major A,85900
Major B,3500
Major A,87100
Major B,35500
Regional B,34800
Other,44900
Regional D,23500
Major A,34500
Major D,6900
Major B,88500
Other,9950
Other,27000
Major D,87600
Regional C,3800
Other,8800
Major D,89100
Other,18600
Major A,100
Major D,29200
Major A,0
Other,65500
Other,0
Regional D,7750
Major E,30100
Regional D,58400
Regional B,2000
Major E,41300
Other,77100
Major D,100
Regional C,92000
Other,59100
Major E,6850
Other,26900
Major A,26600
Major E,13850
Major A,1800
Other,3700
Other,4300
Major A,52300
Regional D,12950
Major A,54000
Major A,50900
Major E,17700
Regional D,46500
Other,12050
Major A,74100
Major A,85100
Other,24500
Major A,37300
Major E,15300
Other,90300
Major A,51200
Major A,30900
Major B,15500
Major D,52500
Major B,10550
Major A,0
Major A,38000
Major A,11750
Major A,23700
Major A,86600
Regional C,46600
Other,30000
Major A,0
Major A,85200
Major A,4100
Other,19300
Major B,65900
Major E,0
Major A,23700
Other,58600
Major E,19600
Major A,27700
Major A,26000
Major B,68900
Other,85500
Major A,52300
Major E,8650
Major B,53900
Other,40900
Major A,60000
Other,74900
Regional C,90600
Major D,200
Major B,2900
Other,3200
Major B,68100
Major D,47100
Regional C,59400
Major A,42100
Major A,15300
Major E,57200
Major A,60400
Regional C,38400
Other,23300
Other,51500
Major B,60400
Major D,21400
Other,65000
Major A,43200
Other,40600
Regional C,87800
Major B,50900
Major D,15000
Major A,15000
Major A,26000
Major B,83900
Major A,91300
Regional C,9100
Other,19000
Other,13200
Major E,24700
Major D,34600
Regional C,88200
Major D,39300
Other,50700
Other,88400
Major B,29200
Major A,76300
Major A,29600
Major A,56800
Major D,19000
Major A,18300
Regional A,27200
Major E,84400
Other,58800
Major A,67900
Major D,14700
Major D,24100
Major E,89000
Major A,41300
Major B,75900
Major B,35100
Regional C,29700
Other,76400
Regional D,88400
Other,29200
Major B,28800
Other,30000
Other,51200
Major B,20900
Other,35200
Major B,39200
Major D,33900
Major D,31100
Major B,2200
Major A,7850
Other,46000
Major E,0
Other,39500
Other,66900
Other,50500
Major D,0
Major B,30800
Other,4300
Other,0
Major B,61500
Regional D,54700
Major E,9950
Other,30900
Major A,59500
Other,38500
Other,6650
Major A,22300
Other,0
Major E,9950
Regional C,40900
Major E,51400
Major D,58400
Other,35500
Other,0
Major A,12350
Other,17800
Major B,69700
Other,84000
Major A,25100
Other,500
Regional B,47100
Other,15600
Major A,600
Other,14100
Regional C,13550
Other,28600
Major A,14050
Major B,14350
Major B,40300
Regional C,89100
Other,23000
Other,91200
Major B,3700
Major B,8350
Major D,48600
Major B,33500
Major B,7450
Other,86200
Major A,58900
Major A,4600
Other,5050
Major D,27300
Other,10750
Major E,28100
Major A,4200
Other,67500
Major D,24100
Major A,57800
Regional A,7900
Major A,16500
Major A,12900
Major D,9500
Major A,0
Major E,3700
Major E,76800
Major E,4500
Major B,29600
Major A,64600
Regional D,50100
Regional A,91300
Regional C,32700
Major A,41600
Regional D,51200
Major A,61200
Other,0
Major B,9750
Other,56300
Other,0
Major A,83900
Major D,87600
Other,40900
Major A,0
Major A,25600
Major A,38600
Major A,34200
Regional C,49500
Major E,82800
Major E,45900
Major B,34600
Regional D,42500
Major A,53100
Major A,82700
Major E,36100
Major A,23300
Other,24200
Other,59000
Major B,26800
Other,24200
Major A,900
Regional C,6750
Other,1700
Regional C,28000
Major E,2300
Major A,90100
Regional B,82900
Other,38100
Other,36900
Major B,3100
Major A,1400
Other,38100
Major A,14100
Regional C,53900
Major E,51500
Major B,8100
Major B,29400
Regional C,41400
Other,45600
Regional C,48400
Other,0
Major A,67600
Major D,22200
Regional B,63500
Other,90700
Major E,0
Regional D,52700
Regional C,85800
Major A,25400
Other,70900
Major A,35600
Major A,3100
Major B,21600
Regional A,57500
Major E,59600
Other,62500
Major D,2200
Major E,68800
Major E,0
Major A,9850
Major A,24300
Major A,68100
Other,46800
Other,86900
Major B,5550
Major A,45700
Major A,4000
Major D,48700
Major A,27700
Regional A,2100
Other,43800
Other,0
Major D,15750
Major A,90600
Regional C,54500
Major B,63000
Regional D,0
Major D,0
Major A,15050
Other,31400
Regional B,2100
Other,9400
Major B,14700
Other,0
Major A,37100
Major B,33100
Major D,51200
Major A,7500
Major B,4800
Other,3500
Major A,0
Major B,0
Major E,1600
Major D,4400
Major B,900
Other,0
Other,0
Regional C,900
Regional C,0
Major B,3200
Other,0
Regional B,4500
Major A,3300
Major B,0
Regional C,0
Major A,2800
Major B,1700
Major E,5700
Regional A,2400
Major A,8800
Regional B,9100
Other,3200
Major B,9500
Major A,3400
Major A,1400
Other,8400
Major D,13550
Regional C,5550
Other,11250
Major E,4750
Major A,10550
Major B,10450
Other,6250
Major D,12850
Regional B,7950
Major D,11350
Major A,11250
Major E,8950
Major E,15150
Other,20500
Other,21500
Major B,21900
Major A,21200
Major D,14900
Major B,22400
Major B,22200
Major E,12700
Major D,20800
Regional C,22100
Other,23000
Major B,21700
Major D,22200
Regional B,23800
Other,25700
Major B,26400
Major B,24600
Regional D,25500
Major A,26100
Regional C,30200
Regional C,24100
Major B,30400
Major D,25500
Major A,25600
Major A,24000
Major E,25200
Major A,30600
Major B,31600
Regional D,34100
Major A,36800
Major E,34800
Major D,29500
Major D,31300
Other,33500
Major B,36700
Other,39900
Other,36500
Major B,33700
Major A,32700
Major A,37300
Major B,38900
Major A,32700
Major B,35800
Other,35700
Major A,32600
Major B,35400
Regional C,34100
Other,35700
Other,36700
Other,41400
Major A,43500
Regional D,43600
Other,37500
Other,41500
Major A,43800
Other,38300
Other,42300
Major D,45500
Major B,42200
Major B,40300
Regional A,45400
Major A,43400
Other,40600
Other,47600
Major E,50000
Regional C,43300
Regional B,47100
Regional C,52200
Regional D,52000
Major A,48500
Major E,51600
Major A,49500
Regional D,49700
Major A,46900
Regional C,51400
Regional C,51700
Other,51900
Major A,50700
Major A,52300
Other,52700
Major E,50000
Other,59300
Major A,57100
Other,57200
Other,54900
Other,56800
Major A,53800
Major D,53400
Major B,53400
Major B,52900
Other,68700
Major A,66300
Major A,62100
Major A,64800
Major A,66900
Other,64500
Major B,65400
Regional C,68600
Other,62000
Other,68500
Major B,68300
Major E,66900
Other,62300
Major D,67800
Other,66900
Major E,62400
Major A,63300
Major B,63100
Major B,65500
Major B,72300
Major E,76400
Major A,75900
Other,70200
Major B,68200
Major A,67700
Other,68300
Major B,68900
Major E,68100
Major E,72500
Other,90800
Major B,89500
Regional B,91400
Regional C,84300
Regional C,85400
Major E,85400
Major B,87700
Major E,89600
Major A,91500
Other,87900
Other,86600
Other,85000
Regional C,86200
Other,87500
Regional C,92400
Major A,84500
Major B,91900
Major D,82600
Major D,91800
Major E,82700
Major A,90500
Major E,90000
Regional C,89400
Major D,83100
Major A,89400
Major A,91500
Major D,89800
Other,3500
Other,0
Other,4200
Major A,1700
Other,0
Other,400
Major A,300
Regional C,0
Regional D,0
Major E,1400
Other,3600
Other,7500
Major E,3600
Regional D,13250
Major E,8850
Major B,9550
Major B,6050
Other,8350
Major D,12150
Major A,13650
Major D,14050
Major E,13050
Major A,7950
Major D,8850
Major A,19200
Major E,20400
Major E,13600
Other,19600
Other,19300
Other,13700
Major A,17800
Regional C,22200
Major B,23400
Major A,25200
Major B,23700
Other,19700
Major D,22900
Regional C,22300
Other,18600
Other,25400
Regional A,25800
Regional C,21000
Other,22600
Major E,31600
Major E,25900
Major A,23600
Other,24500
Major A,25300
Major A,28900
Major A,29100
Major D,28900
Regional C,30000
Major E,37300
Major B,30200
Major A,36100
Major E,29500
Major B,28400
Major A,29700
Regional C,35700
Major A,33500
Major B,33900
Major D,38700
Major E,38500
Other,39900
Major A,41200
Major B,40900
Major D,35700
Major A,40200
Major B,38800
Other,35700
Regional C,40700
Major D,46100
Major A,46200
Major A,46600
Minor B,45800
Other,51500
Major A,47400
Major B,45200
Other,49200
Other,42700
Major E,51100
Major D,50000
Other,46700
Other,51500
Major B,49500
Major A,47900
Major D,49000
Major E,48300
Major A,59000
Major E,55400
Major E,50400
Major D,57000
Major A,53100
Minor B,52700
Major E,54700
Regional A,53000
Regional B,50200
Major A,52800
Other,50800
Major D,53000
Other,55100
Major D,52700
Major A,58000
Major D,59100
Major D,51500
Major E,56300
Major E,51200
Regional C,59200
Regional A,63600
Other,62000
Major B,60200
Other,61400
Major B,63400
Major B,67800
Major A,68800
Major B,67100
Major A,64400
Major E,65800
Major E,62700
Major A,68900
Other,69800
Major D,73800
Other,74600
Other,68800
Other,76500
Other,69800
Other,73300
Other,75500
Major D,72900
Other,83800
Major A,91400
Major E,90100
Major B,86800
Major D,84400
Major A,84200
Major A,84000
Regional D,86400
Major A,83700
Major A,88100
Major B,86800
Major E,91700
Other,85000
Major B,90900
Major E,90400
Other,82900
